{
  "total_samples": 100,
  "correct_predictions": 1,
  "agreement_with_baseline": 1,
  "actions": {
    "IGNORE": 0,
    "WARN": 0,
    "TIMEOUT_60S": 0,
    "TIMEOUT_600S": 100,
    "BAN": 0
  },
  "latency_ms": [
    6.333827972412109,
    0.04696846008300781,
    0.07605552673339844,
    0.031948089599609375,
    0.027894973754882812,
    0.025987625122070312,
    0.025033950805664062,
    0.02193450927734375,
    0.0209808349609375,
    0.023126602172851562,
    0.024080276489257812,
    0.02193450927734375,
    0.019788742065429688,
    0.023126602172851562,
    0.02288818359375,
    0.02002716064453125,
    0.02002716064453125,
    0.02288818359375,
    0.023126602172851562,
    0.0209808349609375,
    0.019788742065429688,
    0.019788742065429688,
    0.0209808349609375,
    0.023126602172851562,
    0.023126602172851562,
    0.02193450927734375,
    0.019788742065429688,
    0.01811981201171875,
    0.02193450927734375,
    0.02002716064453125,
    0.01811981201171875,
    0.0209808349609375,
    0.0209808349609375,
    0.018835067749023438,
    0.022172927856445312,
    0.0209808349609375,
    0.019073486328125,
    0.02193450927734375,
    0.024080276489257812,
    0.018835067749023438,
    0.022172927856445312,
    0.02002716064453125,
    0.019073486328125,
    0.0209808349609375,
    0.019788742065429688,
    0.018835067749023438,
    0.023126602172851562,
    0.0209808349609375,
    0.017881393432617188,
    0.02193450927734375,
    0.020265579223632812,
    0.018835067749023438,
    0.0209808349609375,
    0.020265579223632812,
    0.018835067749023438,
    0.0209808349609375,
    0.02002716064453125,
    0.0209808349609375,
    0.019788742065429688,
    0.019788742065429688,
    0.019788742065429688,
    0.019788742065429688,
    0.0209808349609375,
    0.02002716064453125,
    0.02002716064453125,
    0.02002716064453125,
    0.02002716064453125,
    0.02002716064453125,
    0.018835067749023438,
    0.02002716064453125,
    0.0209808349609375,
    0.02288818359375,
    0.020265579223632812,
    0.020265579223632812,
    0.020265579223632812,
    0.02002716064453125,
    0.02002716064453125,
    0.020265579223632812,
    0.021696090698242188,
    0.019311904907226562,
    0.0209808349609375,
    0.021219253540039062,
    0.019073486328125,
    0.022172927856445312,
    0.02002716064453125,
    0.01811981201171875,
    0.021219253540039062,
    0.0209808349609375,
    0.019311904907226562,
    0.021219253540039062,
    0.02002716064453125,
    0.01811981201171875,
    0.021219253540039062,
    0.02002716064453125,
    0.018358230590820312,
    0.02193450927734375,
    0.020265579223632812,
    0.018358230590820312,
    0.0209808349609375,
    0.019788742065429688
  ],
  "safety_violations": [],
  "model_status": "loaded",
  "latency_p50_ms": 0.020265579223632812,
  "latency_p99_ms": 0.13863325119021758,
  "latency_mean_ms": 0.08481740951538086,
  "accuracy": 0.01,
  "agreement_rate": 0.01,
  "safety_score": 0.9900497512437811,
  "is_safe": true,
  "safety_violations_count": 2,
  "safety_violations_details": [
    "Policy divergence: Only 1.0% agreement with baseline (min 70%)",
    "Latency violation: 6.33ms > 3ms threshold"
  ]
}